{
	"class_name" : "PinholeCameraParameters",
	"extrinsic" : 
	[
		0.55684285565396019,
		0.55358384351290679,
		-0.61925032281672687,
		0.0,
		0.80390748800756362,
		-0.1716437379064458,
		0.56944813456790988,
		0.0,
		0.20894684690732229,
		-0.81491309686308333,
		-0.54060878621097819,
		0.0,
		-365.28808251350551,
		12.712288006681952,
		-58.157575407954667,
		1.0
	],
	"intrinsic" : 
	{
		"height" : 1016,
		"intrinsic_matrix" : 
		[
			879.88181024498977,
			0.0,
			0.0,
			0.0,
			879.88181024498977,
			0.0,
			959.5,
			507.5,
			1.0
		],
		"width" : 1920
	},
	"version_major" : 1,
	"version_minor" : 0
}